quarter,level_1,level_2,value
1975-Q1,Gross Domestic Product At Current Market Prices,Goods Producing Industries,1014.1
1975-Q1,Gross Domestic Product At Current Market Prices,Services Producing Industries,1991.6
1975-Q1,Gross Domestic Product At Current Market Prices,Ownership Of Dwellings,81.2
1975-Q1,Gross Domestic Product At Current Market Prices,Gross Value Added At Basic Prices,3086.9
1975-Q1,Gross Domestic Product At Current Market Prices,Add: Taxes On Products,122.3
1975-Q2,Gross Domestic Product At Current Market Prices,Goods Producing Industries,1090.8
1975-Q2,Gross Domestic Product At Current Market Prices,Services Producing Industries,2019.6
1975-Q2,Gross Domestic Product At Current Market Prices,Ownership Of Dwellings,83.5
1975-Q2,Gross Domestic Product At Current Market Prices,Gross Value Added At Basic Prices,3193.9
1975-Q2,Gross Domestic Product At Current Market Prices,Add: Taxes On Products,113
1975-Q3,Gross Domestic Product At Current Market Prices,Goods Producing Industries,1205.6
1975-Q3,Gross Domestic Product At Current Market Prices,Services Producing Industries,2105.1
1975-Q3,Gross Domestic Product At Current Market Prices,Ownership Of Dwellings,86
1975-Q3,Gross Domestic Product At Current Market Prices,Gross Value Added At Basic Prices,3396.7
1975-Q3,Gross Domestic Product At Current Market Prices,Add: Taxes On Products,122.4
1975-Q4,Gross Domestic Product At Current Market Prices,Goods Producing Industries,1269.4
1975-Q4,Gross Domestic Product At Current Market Prices,Services Producing Industries,2206.6
1975-Q4,Gross Domestic Product At Current Market Prices,Ownership Of Dwellings,86.7
1975-Q4,Gross Domestic Product At Current Market Prices,Gross Value Added At Basic Prices,3562.7
1975-Q4,Gross Domestic Product At Current Market Prices,Add: Taxes On Products,130.1
1976-Q1,Gross Domestic Product At Current Market Prices,Goods Producing Industries,1166.4
1976-Q1,Gross Domestic Product At Current Market Prices,Services Producing Industries,2154.1
1976-Q1,Gross Domestic Product At Current Market Prices,Ownership Of Dwellings,88.6
1976-Q1,Gross Domestic Product At Current Market Prices,Gross Value Added At Basic Prices,3409.1
1976-Q1,Gross Domestic Product At Current Market Prices,Add: Taxes On Products,135.7
1976-Q2,Gross Domestic Product At Current Market Prices,Goods Producing Industries,1247.5
1976-Q2,Gross Domestic Product At Current Market Prices,Services Producing Industries,2156.3
1976-Q2,Gross Domestic Product At Current Market Prices,Ownership Of Dwellings,89.3
1976-Q2,Gross Domestic Product At Current Market Prices,Gross Value Added At Basic Prices,3493.1
1976-Q2,Gross Domestic Product At Current Market Prices,Add: Taxes On Products,126.8
1976-Q3,Gross Domestic Product At Current Market Prices,Goods Producing Industries,1341.6
1976-Q3,Gross Domestic Product At Current Market Prices,Services Producing Industries,2282.4
1976-Q3,Gross Domestic Product At Current Market Prices,Ownership Of Dwellings,91.3
1976-Q3,Gross Domestic Product At Current Market Prices,Gross Value Added At Basic Prices,3715.3
1976-Q3,Gross Domestic Product At Current Market Prices,Add: Taxes On Products,130.9
1976-Q4,Gross Domestic Product At Current Market Prices,Goods Producing Industries,1348.1
1976-Q4,Gross Domestic Product At Current Market Prices,Services Producing Industries,2407.3
1976-Q4,Gross Domestic Product At Current Market Prices,Ownership Of Dwellings,92.9
1976-Q4,Gross Domestic Product At Current Market Prices,Gross Value Added At Basic Prices,3848.3
1976-Q4,Gross Domestic Product At Current Market Prices,Add: Taxes On Products,142.7
1977-Q1,Gross Domestic Product At Current Market Prices,Goods Producing Industries,1282.6
1977-Q1,Gross Domestic Product At Current Market Prices,Services Producing Industries,2343.9
1977-Q1,Gross Domestic Product At Current Market Prices,Ownership Of Dwellings,96
1977-Q1,Gross Domestic Product At Current Market Prices,Gross Value Added At Basic Prices,3722.5
1977-Q1,Gross Domestic Product At Current Market Prices,Add: Taxes On Products,150.3
1977-Q2,Gross Domestic Product At Current Market Prices,Goods Producing Industries,1366
1977-Q2,Gross Domestic Product At Current Market Prices,Services Producing Industries,2355.4
1977-Q2,Gross Domestic Product At Current Market Prices,Ownership Of Dwellings,98.1
1977-Q2,Gross Domestic Product At Current Market Prices,Gross Value Added At Basic Prices,3819.5
1977-Q2,Gross Domestic Product At Current Market Prices,Add: Taxes On Products,142.9
1977-Q3,Gross Domestic Product At Current Market Prices,Goods Producing Industries,1433.1
1977-Q3,Gross Domestic Product At Current Market Prices,Services Producing Industries,2484.6
1977-Q3,Gross Domestic Product At Current Market Prices,Ownership Of Dwellings,97.7
1977-Q3,Gross Domestic Product At Current Market Prices,Gross Value Added At Basic Prices,4015.4
1977-Q3,Gross Domestic Product At Current Market Prices,Add: Taxes On Products,156.4
1977-Q4,Gross Domestic Product At Current Market Prices,Goods Producing Industries,1435.5
1977-Q4,Gross Domestic Product At Current Market Prices,Services Producing Industries,2651.1
1977-Q4,Gross Domestic Product At Current Market Prices,Ownership Of Dwellings,100.1
1977-Q4,Gross Domestic Product At Current Market Prices,Gross Value Added At Basic Prices,4186.7
1977-Q4,Gross Domestic Product At Current Market Prices,Add: Taxes On Products,156.9
1978-Q1,Gross Domestic Product At Current Market Prices,Goods Producing Industries,1380.9
1978-Q1,Gross Domestic Product At Current Market Prices,Services Producing Industries,2627.3
1978-Q1,Gross Domestic Product At Current Market Prices,Ownership Of Dwellings,104.2
1978-Q1,Gross Domestic Product At Current Market Prices,Gross Value Added At Basic Prices,4112.4
1978-Q1,Gross Domestic Product At Current Market Prices,Add: Taxes On Products,171.1
1978-Q2,Gross Domestic Product At Current Market Prices,Goods Producing Industries,1466.6
1978-Q2,Gross Domestic Product At Current Market Prices,Services Producing Industries,2644
1978-Q2,Gross Domestic Product At Current Market Prices,Ownership Of Dwellings,105.1
1978-Q2,Gross Domestic Product At Current Market Prices,Gross Value Added At Basic Prices,4215.7
1978-Q2,Gross Domestic Product At Current Market Prices,Add: Taxes On Products,160.5
1978-Q3,Gross Domestic Product At Current Market Prices,Goods Producing Industries,1558
1978-Q3,Gross Domestic Product At Current Market Prices,Services Producing Industries,2851.9
1978-Q3,Gross Domestic Product At Current Market Prices,Ownership Of Dwellings,105.4
1978-Q3,Gross Domestic Product At Current Market Prices,Gross Value Added At Basic Prices,4515.3
1978-Q3,Gross Domestic Product At Current Market Prices,Add: Taxes On Products,179.6
1978-Q4,Gross Domestic Product At Current Market Prices,Goods Producing Industries,1658.2
1978-Q4,Gross Domestic Product At Current Market Prices,Services Producing Industries,3036.2
1978-Q4,Gross Domestic Product At Current Market Prices,Ownership Of Dwellings,106.2
1978-Q4,Gross Domestic Product At Current Market Prices,Gross Value Added At Basic Prices,4800.6
1978-Q4,Gross Domestic Product At Current Market Prices,Add: Taxes On Products,178.9
1979-Q1,Gross Domestic Product At Current Market Prices,Goods Producing Industries,1559.4
1979-Q1,Gross Domestic Product At Current Market Prices,Services Producing Industries,2901.8
1979-Q1,Gross Domestic Product At Current Market Prices,Ownership Of Dwellings,112.5
1979-Q1,Gross Domestic Product At Current Market Prices,Gross Value Added At Basic Prices,4573.7
1979-Q1,Gross Domestic Product At Current Market Prices,Add: Taxes On Products,193.6
1979-Q2,Gross Domestic Product At Current Market Prices,Goods Producing Industries,1778.4
1979-Q2,Gross Domestic Product At Current Market Prices,Services Producing Industries,2981
1979-Q2,Gross Domestic Product At Current Market Prices,Ownership Of Dwellings,113.8
1979-Q2,Gross Domestic Product At Current Market Prices,Gross Value Added At Basic Prices,4873.2
1979-Q2,Gross Domestic Product At Current Market Prices,Add: Taxes On Products,187.1
1979-Q3,Gross Domestic Product At Current Market Prices,Goods Producing Industries,1919.5
1979-Q3,Gross Domestic Product At Current Market Prices,Services Producing Industries,3213.9
1979-Q3,Gross Domestic Product At Current Market Prices,Ownership Of Dwellings,116.1
1979-Q3,Gross Domestic Product At Current Market Prices,Gross Value Added At Basic Prices,5249.5
1979-Q3,Gross Domestic Product At Current Market Prices,Add: Taxes On Products,210.4
1979-Q4,Gross Domestic Product At Current Market Prices,Goods Producing Industries,2063.9
1979-Q4,Gross Domestic Product At Current Market Prices,Services Producing Industries,3442.7
1979-Q4,Gross Domestic Product At Current Market Prices,Ownership Of Dwellings,116.8
1979-Q4,Gross Domestic Product At Current Market Prices,Gross Value Added At Basic Prices,5623.4
1979-Q4,Gross Domestic Product At Current Market Prices,Add: Taxes On Products,225.1
1980-Q1,Gross Domestic Product At Current Market Prices,Goods Producing Industries,2148
1980-Q1,Gross Domestic Product At Current Market Prices,Services Producing Industries,3507.7
1980-Q1,Gross Domestic Product At Current Market Prices,Ownership Of Dwellings,120
1980-Q1,Gross Domestic Product At Current Market Prices,Gross Value Added At Basic Prices,5775.7
1980-Q1,Gross Domestic Product At Current Market Prices,Add: Taxes On Products,240
1980-Q2,Gross Domestic Product At Current Market Prices,Goods Producing Industries,2344.1
1980-Q2,Gross Domestic Product At Current Market Prices,Services Producing Industries,3560.1
1980-Q2,Gross Domestic Product At Current Market Prices,Ownership Of Dwellings,120.2
1980-Q2,Gross Domestic Product At Current Market Prices,Gross Value Added At Basic Prices,6024.4
1980-Q2,Gross Domestic Product At Current Market Prices,Add: Taxes On Products,220.7
1980-Q3,Gross Domestic Product At Current Market Prices,Goods Producing Industries,2411.4
1980-Q3,Gross Domestic Product At Current Market Prices,Services Producing Industries,3837.5
1980-Q3,Gross Domestic Product At Current Market Prices,Ownership Of Dwellings,120
1980-Q3,Gross Domestic Product At Current Market Prices,Gross Value Added At Basic Prices,6368.9
1980-Q3,Gross Domestic Product At Current Market Prices,Add: Taxes On Products,247.5
1980-Q4,Gross Domestic Product At Current Market Prices,Goods Producing Industries,2508.8
1980-Q4,Gross Domestic Product At Current Market Prices,Services Producing Industries,4104.8
1980-Q4,Gross Domestic Product At Current Market Prices,Ownership Of Dwellings,120.9
1980-Q4,Gross Domestic Product At Current Market Prices,Gross Value Added At Basic Prices,6734.5
1980-Q4,Gross Domestic Product At Current Market Prices,Add: Taxes On Products,251.7
1981-Q1,Gross Domestic Product At Current Market Prices,Goods Producing Industries,2422.8
1981-Q1,Gross Domestic Product At Current Market Prices,Services Producing Industries,4118.1
1981-Q1,Gross Domestic Product At Current Market Prices,Ownership Of Dwellings,153.8
1981-Q1,Gross Domestic Product At Current Market Prices,Gross Value Added At Basic Prices,6694.7
1981-Q1,Gross Domestic Product At Current Market Prices,Add: Taxes On Products,277.9
1981-Q2,Gross Domestic Product At Current Market Prices,Goods Producing Industries,2649
1981-Q2,Gross Domestic Product At Current Market Prices,Services Producing Industries,4241.4
1981-Q2,Gross Domestic Product At Current Market Prices,Ownership Of Dwellings,156.3
1981-Q2,Gross Domestic Product At Current Market Prices,Gross Value Added At Basic Prices,7046.7
1981-Q2,Gross Domestic Product At Current Market Prices,Add: Taxes On Products,249.8
1981-Q3,Gross Domestic Product At Current Market Prices,Goods Producing Industries,2842.1
1981-Q3,Gross Domestic Product At Current Market Prices,Services Producing Industries,4562.3
1981-Q3,Gross Domestic Product At Current Market Prices,Ownership Of Dwellings,157.4
1981-Q3,Gross Domestic Product At Current Market Prices,Gross Value Added At Basic Prices,7561.8
1981-Q3,Gross Domestic Product At Current Market Prices,Add: Taxes On Products,281.6
1981-Q4,Gross Domestic Product At Current Market Prices,Goods Producing Industries,2978.4
1981-Q4,Gross Domestic Product At Current Market Prices,Services Producing Industries,4809.5
1981-Q4,Gross Domestic Product At Current Market Prices,Ownership Of Dwellings,160.7
1981-Q4,Gross Domestic Product At Current Market Prices,Gross Value Added At Basic Prices,7948.6
1981-Q4,Gross Domestic Product At Current Market Prices,Add: Taxes On Products,283.6
1982-Q1,Gross Domestic Product At Current Market Prices,Goods Producing Industries,2818.2
1982-Q1,Gross Domestic Product At Current Market Prices,Services Producing Industries,4805.9
1982-Q1,Gross Domestic Product At Current Market Prices,Ownership Of Dwellings,144.9
1982-Q1,Gross Domestic Product At Current Market Prices,Gross Value Added At Basic Prices,7769
1982-Q1,Gross Domestic Product At Current Market Prices,Add: Taxes On Products,293.2
1982-Q2,Gross Domestic Product At Current Market Prices,Goods Producing Industries,2884.3
1982-Q2,Gross Domestic Product At Current Market Prices,Services Producing Industries,4883.3
1982-Q2,Gross Domestic Product At Current Market Prices,Ownership Of Dwellings,147.5
1982-Q2,Gross Domestic Product At Current Market Prices,Gross Value Added At Basic Prices,7915.1
1982-Q2,Gross Domestic Product At Current Market Prices,Add: Taxes On Products,281.2
1982-Q3,Gross Domestic Product At Current Market Prices,Goods Producing Industries,3043.1
1982-Q3,Gross Domestic Product At Current Market Prices,Services Producing Industries,5126.8
1982-Q3,Gross Domestic Product At Current Market Prices,Ownership Of Dwellings,150.1
1982-Q3,Gross Domestic Product At Current Market Prices,Gross Value Added At Basic Prices,8320
1982-Q3,Gross Domestic Product At Current Market Prices,Add: Taxes On Products,293.8
1982-Q4,Gross Domestic Product At Current Market Prices,Goods Producing Industries,3035.7
1982-Q4,Gross Domestic Product At Current Market Prices,Services Producing Industries,5582.3
1982-Q4,Gross Domestic Product At Current Market Prices,Ownership Of Dwellings,157.7
1982-Q4,Gross Domestic Product At Current Market Prices,Gross Value Added At Basic Prices,8775.7
1982-Q4,Gross Domestic Product At Current Market Prices,Add: Taxes On Products,321.8
1983-Q1,Gross Domestic Product At Current Market Prices,Goods Producing Industries,3014.3
1983-Q1,Gross Domestic Product At Current Market Prices,Services Producing Industries,5239.2
1983-Q1,Gross Domestic Product At Current Market Prices,Ownership Of Dwellings,201.1
1983-Q1,Gross Domestic Product At Current Market Prices,Gross Value Added At Basic Prices,8454.6
1983-Q1,Gross Domestic Product At Current Market Prices,Add: Taxes On Products,357.1
1983-Q2,Gross Domestic Product At Current Market Prices,Goods Producing Industries,3394.7
1983-Q2,Gross Domestic Product At Current Market Prices,Services Producing Industries,5391.5
1983-Q2,Gross Domestic Product At Current Market Prices,Ownership Of Dwellings,206.6
1983-Q2,Gross Domestic Product At Current Market Prices,Gross Value Added At Basic Prices,8992.8
1983-Q2,Gross Domestic Product At Current Market Prices,Add: Taxes On Products,332.1
1983-Q3,Gross Domestic Product At Current Market Prices,Goods Producing Industries,3541.1
1983-Q3,Gross Domestic Product At Current Market Prices,Services Producing Industries,5698
1983-Q3,Gross Domestic Product At Current Market Prices,Ownership Of Dwellings,211.1
1983-Q3,Gross Domestic Product At Current Market Prices,Gross Value Added At Basic Prices,9450.2
1983-Q3,Gross Domestic Product At Current Market Prices,Add: Taxes On Products,342.5
1983-Q4,Gross Domestic Product At Current Market Prices,Goods Producing Industries,3598.6
1983-Q4,Gross Domestic Product At Current Market Prices,Services Producing Industries,5911.2
1983-Q4,Gross Domestic Product At Current Market Prices,Ownership Of Dwellings,225.3
1983-Q4,Gross Domestic Product At Current Market Prices,Gross Value Added At Basic Prices,9735.1
1983-Q4,Gross Domestic Product At Current Market Prices,Add: Taxes On Products,374.7
1984-Q1,Gross Domestic Product At Current Market Prices,Goods Producing Industries,3523.6
1984-Q1,Gross Domestic Product At Current Market Prices,Services Producing Industries,5731.5
1984-Q1,Gross Domestic Product At Current Market Prices,Ownership Of Dwellings,268.7
1984-Q1,Gross Domestic Product At Current Market Prices,Gross Value Added At Basic Prices,9523.8
1984-Q1,Gross Domestic Product At Current Market Prices,Add: Taxes On Products,401.7
1984-Q2,Gross Domestic Product At Current Market Prices,Goods Producing Industries,3813.3
1984-Q2,Gross Domestic Product At Current Market Prices,Services Producing Industries,5758.8
1984-Q2,Gross Domestic Product At Current Market Prices,Ownership Of Dwellings,278.6
1984-Q2,Gross Domestic Product At Current Market Prices,Gross Value Added At Basic Prices,9850.7
1984-Q2,Gross Domestic Product At Current Market Prices,Add: Taxes On Products,368.6
1984-Q3,Gross Domestic Product At Current Market Prices,Goods Producing Industries,3875.1
1984-Q3,Gross Domestic Product At Current Market Prices,Services Producing Industries,6089.3
1984-Q3,Gross Domestic Product At Current Market Prices,Ownership Of Dwellings,298.6
1984-Q3,Gross Domestic Product At Current Market Prices,Gross Value Added At Basic Prices,10263
1984-Q3,Gross Domestic Product At Current Market Prices,Add: Taxes On Products,398
1984-Q4,Gross Domestic Product At Current Market Prices,Goods Producing Industries,3899.9
1984-Q4,Gross Domestic Product At Current Market Prices,Services Producing Industries,6294.4
1984-Q4,Gross Domestic Product At Current Market Prices,Ownership Of Dwellings,309.7
1984-Q4,Gross Domestic Product At Current Market Prices,Gross Value Added At Basic Prices,10504
1984-Q4,Gross Domestic Product At Current Market Prices,Add: Taxes On Products,392.2
1985-Q1,Gross Domestic Product At Current Market Prices,Goods Producing Industries,3550.2
1985-Q1,Gross Domestic Product At Current Market Prices,Services Producing Industries,6188.2
1985-Q1,Gross Domestic Product At Current Market Prices,Ownership Of Dwellings,270.3
1985-Q1,Gross Domestic Product At Current Market Prices,Gross Value Added At Basic Prices,10008.7
1985-Q1,Gross Domestic Product At Current Market Prices,Add: Taxes On Products,421.9
1985-Q2,Gross Domestic Product At Current Market Prices,Goods Producing Industries,3431.5
1985-Q2,Gross Domestic Product At Current Market Prices,Services Producing Industries,6060.9
1985-Q2,Gross Domestic Product At Current Market Prices,Ownership Of Dwellings,323.2
1985-Q2,Gross Domestic Product At Current Market Prices,Gross Value Added At Basic Prices,9815.6
1985-Q2,Gross Domestic Product At Current Market Prices,Add: Taxes On Products,355.5
1985-Q3,Gross Domestic Product At Current Market Prices,Goods Producing Industries,3390.3
1985-Q3,Gross Domestic Product At Current Market Prices,Services Producing Industries,6048.2
1985-Q3,Gross Domestic Product At Current Market Prices,Ownership Of Dwellings,366.9
1985-Q3,Gross Domestic Product At Current Market Prices,Gross Value Added At Basic Prices,9805.4
1985-Q3,Gross Domestic Product At Current Market Prices,Add: Taxes On Products,404.8
1985-Q4,Gross Domestic Product At Current Market Prices,Goods Producing Industries,3142.7
1985-Q4,Gross Domestic Product At Current Market Prices,Services Producing Industries,6126.8
1985-Q4,Gross Domestic Product At Current Market Prices,Ownership Of Dwellings,386.3
1985-Q4,Gross Domestic Product At Current Market Prices,Gross Value Added At Basic Prices,9655.8
1985-Q4,Gross Domestic Product At Current Market Prices,Add: Taxes On Products,356.2
1986-Q1,Gross Domestic Product At Current Market Prices,Goods Producing Industries,3138.7
1986-Q1,Gross Domestic Product At Current Market Prices,Services Producing Industries,5895.3
1986-Q1,Gross Domestic Product At Current Market Prices,Ownership Of Dwellings,318.5
1986-Q1,Gross Domestic Product At Current Market Prices,Gross Value Added At Basic Prices,9352.5
1986-Q1,Gross Domestic Product At Current Market Prices,Add: Taxes On Products,405.4
1986-Q2,Gross Domestic Product At Current Market Prices,Goods Producing Industries,3513.8
1986-Q2,Gross Domestic Product At Current Market Prices,Services Producing Industries,5808.7
1986-Q2,Gross Domestic Product At Current Market Prices,Ownership Of Dwellings,323.6
1986-Q2,Gross Domestic Product At Current Market Prices,Gross Value Added At Basic Prices,9646.1
1986-Q2,Gross Domestic Product At Current Market Prices,Add: Taxes On Products,305.9
1986-Q3,Gross Domestic Product At Current Market Prices,Goods Producing Industries,3574.6
1986-Q3,Gross Domestic Product At Current Market Prices,Services Producing Industries,5978.7
1986-Q3,Gross Domestic Product At Current Market Prices,Ownership Of Dwellings,368.1
1986-Q3,Gross Domestic Product At Current Market Prices,Gross Value Added At Basic Prices,9921.4
1986-Q3,Gross Domestic Product At Current Market Prices,Add: Taxes On Products,358.3
1986-Q4,Gross Domestic Product At Current Market Prices,Goods Producing Industries,3604.7
1986-Q4,Gross Domestic Product At Current Market Prices,Services Producing Industries,6475.8
1986-Q4,Gross Domestic Product At Current Market Prices,Ownership Of Dwellings,407.4
1986-Q4,Gross Domestic Product At Current Market Prices,Gross Value Added At Basic Prices,10487.9
1986-Q4,Gross Domestic Product At Current Market Prices,Add: Taxes On Products,376.8
1987-Q1,Gross Domestic Product At Current Market Prices,Goods Producing Industries,3330.6
1987-Q1,Gross Domestic Product At Current Market Prices,Services Producing Industries,6255.8
1987-Q1,Gross Domestic Product At Current Market Prices,Ownership Of Dwellings,383.6
1987-Q1,Gross Domestic Product At Current Market Prices,Gross Value Added At Basic Prices,9970
1987-Q1,Gross Domestic Product At Current Market Prices,Add: Taxes On Products,448.7
1987-Q2,Gross Domestic Product At Current Market Prices,Goods Producing Industries,3714.4
1987-Q2,Gross Domestic Product At Current Market Prices,Services Producing Industries,6452.4
1987-Q2,Gross Domestic Product At Current Market Prices,Ownership Of Dwellings,441.3
1987-Q2,Gross Domestic Product At Current Market Prices,Gross Value Added At Basic Prices,10608.1
1987-Q2,Gross Domestic Product At Current Market Prices,Add: Taxes On Products,363
1987-Q3,Gross Domestic Product At Current Market Prices,Goods Producing Industries,3977.8
1987-Q3,Gross Domestic Product At Current Market Prices,Services Producing Industries,6781.8
1987-Q3,Gross Domestic Product At Current Market Prices,Ownership Of Dwellings,451.8
1987-Q3,Gross Domestic Product At Current Market Prices,Gross Value Added At Basic Prices,11211.4
1987-Q3,Gross Domestic Product At Current Market Prices,Add: Taxes On Products,500.9
1987-Q4,Gross Domestic Product At Current Market Prices,Goods Producing Industries,4074.5
1987-Q4,Gross Domestic Product At Current Market Prices,Services Producing Industries,7362.2
1987-Q4,Gross Domestic Product At Current Market Prices,Ownership Of Dwellings,465.4
1987-Q4,Gross Domestic Product At Current Market Prices,Gross Value Added At Basic Prices,11902.1
1987-Q4,Gross Domestic Product At Current Market Prices,Add: Taxes On Products,498.3
1988-Q1,Gross Domestic Product At Current Market Prices,Goods Producing Industries,3997.4
1988-Q1,Gross Domestic Product At Current Market Prices,Services Producing Industries,7034.6
1988-Q1,Gross Domestic Product At Current Market Prices,Ownership Of Dwellings,465.9
1988-Q1,Gross Domestic Product At Current Market Prices,Gross Value Added At Basic Prices,11497.9
1988-Q1,Gross Domestic Product At Current Market Prices,Add: Taxes On Products,594.3
1988-Q2,Gross Domestic Product At Current Market Prices,Goods Producing Industries,4509.2
1988-Q2,Gross Domestic Product At Current Market Prices,Services Producing Industries,7370.7
1988-Q2,Gross Domestic Product At Current Market Prices,Ownership Of Dwellings,466.9
1988-Q2,Gross Domestic Product At Current Market Prices,Gross Value Added At Basic Prices,12346.8
1988-Q2,Gross Domestic Product At Current Market Prices,Add: Taxes On Products,490.9
1988-Q3,Gross Domestic Product At Current Market Prices,Goods Producing Industries,4874.7
1988-Q3,Gross Domestic Product At Current Market Prices,Services Producing Industries,7829.3
1988-Q3,Gross Domestic Product At Current Market Prices,Ownership Of Dwellings,472.6
1988-Q3,Gross Domestic Product At Current Market Prices,Gross Value Added At Basic Prices,13176.6
1988-Q3,Gross Domestic Product At Current Market Prices,Add: Taxes On Products,608.7
1988-Q4,Gross Domestic Product At Current Market Prices,Goods Producing Industries,4769.1
1988-Q4,Gross Domestic Product At Current Market Prices,Services Producing Industries,8660.9
1988-Q4,Gross Domestic Product At Current Market Prices,Ownership Of Dwellings,525.8
1988-Q4,Gross Domestic Product At Current Market Prices,Gross Value Added At Basic Prices,13955.8
1988-Q4,Gross Domestic Product At Current Market Prices,Add: Taxes On Products,689.2
1989-Q1,Gross Domestic Product At Current Market Prices,Goods Producing Industries,4480.9
1989-Q1,Gross Domestic Product At Current Market Prices,Services Producing Industries,7977.5
1989-Q1,Gross Domestic Product At Current Market Prices,Ownership Of Dwellings,515.9
1989-Q1,Gross Domestic Product At Current Market Prices,Gross Value Added At Basic Prices,12974.3
1989-Q1,Gross Domestic Product At Current Market Prices,Add: Taxes On Products,960.4
1989-Q2,Gross Domestic Product At Current Market Prices,Goods Producing Industries,4926.9
1989-Q2,Gross Domestic Product At Current Market Prices,Services Producing Industries,8742.1
1989-Q2,Gross Domestic Product At Current Market Prices,Ownership Of Dwellings,544.7
1989-Q2,Gross Domestic Product At Current Market Prices,Gross Value Added At Basic Prices,14213.7
1989-Q2,Gross Domestic Product At Current Market Prices,Add: Taxes On Products,620.6
1989-Q3,Gross Domestic Product At Current Market Prices,Goods Producing Industries,5208
1989-Q3,Gross Domestic Product At Current Market Prices,Services Producing Industries,9286.6
1989-Q3,Gross Domestic Product At Current Market Prices,Ownership Of Dwellings,571.8
1989-Q3,Gross Domestic Product At Current Market Prices,Gross Value Added At Basic Prices,15066.4
1989-Q3,Gross Domestic Product At Current Market Prices,Add: Taxes On Products,702.4
1989-Q4,Gross Domestic Product At Current Market Prices,Goods Producing Industries,5275.8
1989-Q4,Gross Domestic Product At Current Market Prices,Services Producing Industries,9898.9
1989-Q4,Gross Domestic Product At Current Market Prices,Ownership Of Dwellings,613.5
1989-Q4,Gross Domestic Product At Current Market Prices,Gross Value Added At Basic Prices,15788.2
1989-Q4,Gross Domestic Product At Current Market Prices,Add: Taxes On Products,898.4
1990-Q1,Gross Domestic Product At Current Market Prices,Goods Producing Industries,4905.4
1990-Q1,Gross Domestic Product At Current Market Prices,Services Producing Industries,10179.4
1990-Q1,Gross Domestic Product At Current Market Prices,Ownership Of Dwellings,595.8
1990-Q1,Gross Domestic Product At Current Market Prices,Gross Value Added At Basic Prices,15680.6
1990-Q1,Gross Domestic Product At Current Market Prices,Add: Taxes On Products,997.4
1990-Q2,Gross Domestic Product At Current Market Prices,Goods Producing Industries,5381.2
1990-Q2,Gross Domestic Product At Current Market Prices,Services Producing Industries,10325.9
1990-Q2,Gross Domestic Product At Current Market Prices,Ownership Of Dwellings,610.6
1990-Q2,Gross Domestic Product At Current Market Prices,Gross Value Added At Basic Prices,16317.7
1990-Q2,Gross Domestic Product At Current Market Prices,Add: Taxes On Products,773.3
1990-Q3,Gross Domestic Product At Current Market Prices,Goods Producing Industries,5785.8
1990-Q3,Gross Domestic Product At Current Market Prices,Services Producing Industries,10808.4
1990-Q3,Gross Domestic Product At Current Market Prices,Ownership Of Dwellings,612.2
1990-Q3,Gross Domestic Product At Current Market Prices,Gross Value Added At Basic Prices,17206.4
1990-Q3,Gross Domestic Product At Current Market Prices,Add: Taxes On Products,726.1
1990-Q4,Gross Domestic Product At Current Market Prices,Goods Producing Industries,5901.2
1990-Q4,Gross Domestic Product At Current Market Prices,Services Producing Industries,11531.2
1990-Q4,Gross Domestic Product At Current Market Prices,Ownership Of Dwellings,602.6
1990-Q4,Gross Domestic Product At Current Market Prices,Gross Value Added At Basic Prices,18035
1990-Q4,Gross Domestic Product At Current Market Prices,Add: Taxes On Products,770.8
1991-Q1,Gross Domestic Product At Current Market Prices,Goods Producing Industries,6130.6
1991-Q1,Gross Domestic Product At Current Market Prices,Services Producing Industries,11013.1
1991-Q1,Gross Domestic Product At Current Market Prices,Ownership Of Dwellings,615.5
1991-Q1,Gross Domestic Product At Current Market Prices,Gross Value Added At Basic Prices,17759.2
1991-Q1,Gross Domestic Product At Current Market Prices,Add: Taxes On Products,770.3
1991-Q2,Gross Domestic Product At Current Market Prices,Goods Producing Industries,6289.3
1991-Q2,Gross Domestic Product At Current Market Prices,Services Producing Industries,11365.7
1991-Q2,Gross Domestic Product At Current Market Prices,Ownership Of Dwellings,654.5
1991-Q2,Gross Domestic Product At Current Market Prices,Gross Value Added At Basic Prices,18309.5
1991-Q2,Gross Domestic Product At Current Market Prices,Add: Taxes On Products,751.6
1991-Q3,Gross Domestic Product At Current Market Prices,Goods Producing Industries,6686.1
1991-Q3,Gross Domestic Product At Current Market Prices,Services Producing Industries,11879.6
1991-Q3,Gross Domestic Product At Current Market Prices,Ownership Of Dwellings,671.9
1991-Q3,Gross Domestic Product At Current Market Prices,Gross Value Added At Basic Prices,19237.6
1991-Q3,Gross Domestic Product At Current Market Prices,Add: Taxes On Products,915.4
1991-Q4,Gross Domestic Product At Current Market Prices,Goods Producing Industries,6698.6
1991-Q4,Gross Domestic Product At Current Market Prices,Services Producing Industries,12486.8
1991-Q4,Gross Domestic Product At Current Market Prices,Ownership Of Dwellings,676.4
1991-Q4,Gross Domestic Product At Current Market Prices,Gross Value Added At Basic Prices,19861.8
1991-Q4,Gross Domestic Product At Current Market Prices,Add: Taxes On Products,951.7
1992-Q1,Gross Domestic Product At Current Market Prices,Goods Producing Industries,6286.1
1992-Q1,Gross Domestic Product At Current Market Prices,Services Producing Industries,11886.2
1992-Q1,Gross Domestic Product At Current Market Prices,Ownership Of Dwellings,705.4
1992-Q1,Gross Domestic Product At Current Market Prices,Gross Value Added At Basic Prices,18877.7
1992-Q1,Gross Domestic Product At Current Market Prices,Add: Taxes On Products,1086.5
1992-Q2,Gross Domestic Product At Current Market Prices,Goods Producing Industries,6648.9
1992-Q2,Gross Domestic Product At Current Market Prices,Services Producing Industries,12003.5
1992-Q2,Gross Domestic Product At Current Market Prices,Ownership Of Dwellings,718
1992-Q2,Gross Domestic Product At Current Market Prices,Gross Value Added At Basic Prices,19370.4
1992-Q2,Gross Domestic Product At Current Market Prices,Add: Taxes On Products,1022.4
1992-Q3,Gross Domestic Product At Current Market Prices,Goods Producing Industries,7103.1
1992-Q3,Gross Domestic Product At Current Market Prices,Services Producing Industries,12730.9
1992-Q3,Gross Domestic Product At Current Market Prices,Ownership Of Dwellings,740.7
1992-Q3,Gross Domestic Product At Current Market Prices,Gross Value Added At Basic Prices,20574.7
1992-Q3,Gross Domestic Product At Current Market Prices,Add: Taxes On Products,1114
1992-Q4,Gross Domestic Product At Current Market Prices,Goods Producing Industries,7542.9
1992-Q4,Gross Domestic Product At Current Market Prices,Services Producing Industries,13563.9
1992-Q4,Gross Domestic Product At Current Market Prices,Ownership Of Dwellings,741.5
1992-Q4,Gross Domestic Product At Current Market Prices,Gross Value Added At Basic Prices,21848.3
1992-Q4,Gross Domestic Product At Current Market Prices,Add: Taxes On Products,1068.8
1993-Q1,Gross Domestic Product At Current Market Prices,Goods Producing Industries,7258.7
1993-Q1,Gross Domestic Product At Current Market Prices,Services Producing Industries,13144.8
1993-Q1,Gross Domestic Product At Current Market Prices,Ownership Of Dwellings,832.3
1993-Q1,Gross Domestic Product At Current Market Prices,Gross Value Added At Basic Prices,21235.8
1993-Q1,Gross Domestic Product At Current Market Prices,Add: Taxes On Products,1339.1
1993-Q2,Gross Domestic Product At Current Market Prices,Goods Producing Industries,7758.2
1993-Q2,Gross Domestic Product At Current Market Prices,Services Producing Industries,13758.3
1993-Q2,Gross Domestic Product At Current Market Prices,Ownership Of Dwellings,839.7
1993-Q2,Gross Domestic Product At Current Market Prices,Gross Value Added At Basic Prices,22356.2
1993-Q2,Gross Domestic Product At Current Market Prices,Add: Taxes On Products,1294.4
1993-Q3,Gross Domestic Product At Current Market Prices,Goods Producing Industries,8244.9
1993-Q3,Gross Domestic Product At Current Market Prices,Services Producing Industries,14450
1993-Q3,Gross Domestic Product At Current Market Prices,Ownership Of Dwellings,852.6
1993-Q3,Gross Domestic Product At Current Market Prices,Gross Value Added At Basic Prices,23547.5
1993-Q3,Gross Domestic Product At Current Market Prices,Add: Taxes On Products,1447.3
1993-Q4,Gross Domestic Product At Current Market Prices,Goods Producing Industries,8381.6
1993-Q4,Gross Domestic Product At Current Market Prices,Services Producing Industries,16044.1
1993-Q4,Gross Domestic Product At Current Market Prices,Ownership Of Dwellings,860.6
1993-Q4,Gross Domestic Product At Current Market Prices,Gross Value Added At Basic Prices,25286.3
1993-Q4,Gross Domestic Product At Current Market Prices,Add: Taxes On Products,1482.9
1994-Q1,Gross Domestic Product At Current Market Prices,Goods Producing Industries,8103.1
1994-Q1,Gross Domestic Product At Current Market Prices,Services Producing Industries,15414.2
1994-Q1,Gross Domestic Product At Current Market Prices,Ownership Of Dwellings,1029.6
1994-Q1,Gross Domestic Product At Current Market Prices,Gross Value Added At Basic Prices,24546.9
1994-Q1,Gross Domestic Product At Current Market Prices,Add: Taxes On Products,1779.6
1994-Q2,Gross Domestic Product At Current Market Prices,Goods Producing Industries,8773.7
1994-Q2,Gross Domestic Product At Current Market Prices,Services Producing Industries,15505.5
1994-Q2,Gross Domestic Product At Current Market Prices,Ownership Of Dwellings,1044.6
1994-Q2,Gross Domestic Product At Current Market Prices,Gross Value Added At Basic Prices,25323.8
1994-Q2,Gross Domestic Product At Current Market Prices,Add: Taxes On Products,1660.9
1994-Q3,Gross Domestic Product At Current Market Prices,Goods Producing Industries,9215.6
1994-Q3,Gross Domestic Product At Current Market Prices,Services Producing Industries,16647.3
1994-Q3,Gross Domestic Product At Current Market Prices,Ownership Of Dwellings,1044.7
1994-Q3,Gross Domestic Product At Current Market Prices,Gross Value Added At Basic Prices,26907.6
1994-Q3,Gross Domestic Product At Current Market Prices,Add: Taxes On Products,2169.2
1994-Q4,Gross Domestic Product At Current Market Prices,Goods Producing Industries,9365.3
1994-Q4,Gross Domestic Product At Current Market Prices,Services Producing Industries,17955.3
1994-Q4,Gross Domestic Product At Current Market Prices,Ownership Of Dwellings,1059.6
1994-Q4,Gross Domestic Product At Current Market Prices,Gross Value Added At Basic Prices,28380.2
1994-Q4,Gross Domestic Product At Current Market Prices,Add: Taxes On Products,1920
1995-Q1,Gross Domestic Product At Current Market Prices,Goods Producing Industries,8695.7
1995-Q1,Gross Domestic Product At Current Market Prices,Services Producing Industries,16791.4
1995-Q1,Gross Domestic Product At Current Market Prices,Ownership Of Dwellings,1141.8
1995-Q1,Gross Domestic Product At Current Market Prices,Gross Value Added At Basic Prices,26628.9
1995-Q1,Gross Domestic Product At Current Market Prices,Add: Taxes On Products,2332.1
1995-Q2,Gross Domestic Product At Current Market Prices,Goods Producing Industries,9655
1995-Q2,Gross Domestic Product At Current Market Prices,Services Producing Industries,17349.1
1995-Q2,Gross Domestic Product At Current Market Prices,Ownership Of Dwellings,1177.4
1995-Q2,Gross Domestic Product At Current Market Prices,Gross Value Added At Basic Prices,28181.5
1995-Q2,Gross Domestic Product At Current Market Prices,Add: Taxes On Products,1953.7
1995-Q3,Gross Domestic Product At Current Market Prices,Goods Producing Industries,10303.7
1995-Q3,Gross Domestic Product At Current Market Prices,Services Producing Industries,18481.8
1995-Q3,Gross Domestic Product At Current Market Prices,Ownership Of Dwellings,1208.1
1995-Q3,Gross Domestic Product At Current Market Prices,Gross Value Added At Basic Prices,29993.6
1995-Q3,Gross Domestic Product At Current Market Prices,Add: Taxes On Products,2104.8
1995-Q4,Gross Domestic Product At Current Market Prices,Goods Producing Industries,10742.1
1995-Q4,Gross Domestic Product At Current Market Prices,Services Producing Industries,19393.1
1995-Q4,Gross Domestic Product At Current Market Prices,Ownership Of Dwellings,1241.6
1995-Q4,Gross Domestic Product At Current Market Prices,Gross Value Added At Basic Prices,31376.8
1995-Q4,Gross Domestic Product At Current Market Prices,Add: Taxes On Products,2003.9
1996-Q1,Gross Domestic Product At Current Market Prices,Goods Producing Industries,10433.8
1996-Q1,Gross Domestic Product At Current Market Prices,Services Producing Industries,18935
1996-Q1,Gross Domestic Product At Current Market Prices,Ownership Of Dwellings,1303.9
1996-Q1,Gross Domestic Product At Current Market Prices,Gross Value Added At Basic Prices,30672.7
1996-Q1,Gross Domestic Product At Current Market Prices,Add: Taxes On Products,2143
1996-Q2,Gross Domestic Product At Current Market Prices,Goods Producing Industries,10650.6
1996-Q2,Gross Domestic Product At Current Market Prices,Services Producing Industries,19132.4
1996-Q2,Gross Domestic Product At Current Market Prices,Ownership Of Dwellings,1327.7
1996-Q2,Gross Domestic Product At Current Market Prices,Gross Value Added At Basic Prices,31110.7
1996-Q2,Gross Domestic Product At Current Market Prices,Add: Taxes On Products,2105
1996-Q3,Gross Domestic Product At Current Market Prices,Goods Producing Industries,10648.6
1996-Q3,Gross Domestic Product At Current Market Prices,Services Producing Industries,19751.1
1996-Q3,Gross Domestic Product At Current Market Prices,Ownership Of Dwellings,1363.9
1996-Q3,Gross Domestic Product At Current Market Prices,Gross Value Added At Basic Prices,31763.6
1996-Q3,Gross Domestic Product At Current Market Prices,Add: Taxes On Products,2182.7
1996-Q4,Gross Domestic Product At Current Market Prices,Goods Producing Industries,11339.8
1996-Q4,Gross Domestic Product At Current Market Prices,Services Producing Industries,21211.2
1996-Q4,Gross Domestic Product At Current Market Prices,Ownership Of Dwellings,1390.6
1996-Q4,Gross Domestic Product At Current Market Prices,Gross Value Added At Basic Prices,33941.6
1996-Q4,Gross Domestic Product At Current Market Prices,Add: Taxes On Products,2010
1997-Q1,Gross Domestic Product At Current Market Prices,Goods Producing Industries,10352.2
1997-Q1,Gross Domestic Product At Current Market Prices,Services Producing Industries,20921.1
1997-Q1,Gross Domestic Product At Current Market Prices,Ownership Of Dwellings,1443.2
1997-Q1,Gross Domestic Product At Current Market Prices,Gross Value Added At Basic Prices,32716.5
1997-Q1,Gross Domestic Product At Current Market Prices,Add: Taxes On Products,2094.7
1997-Q2,Gross Domestic Product At Current Market Prices,Goods Producing Industries,11254.4
1997-Q2,Gross Domestic Product At Current Market Prices,Services Producing Industries,21516.4
1997-Q2,Gross Domestic Product At Current Market Prices,Ownership Of Dwellings,1462.7
1997-Q2,Gross Domestic Product At Current Market Prices,Gross Value Added At Basic Prices,34233.5
1997-Q2,Gross Domestic Product At Current Market Prices,Add: Taxes On Products,2620.8
1997-Q3,Gross Domestic Product At Current Market Prices,Goods Producing Industries,12238.6
1997-Q3,Gross Domestic Product At Current Market Prices,Services Producing Industries,22118.5
1997-Q3,Gross Domestic Product At Current Market Prices,Ownership Of Dwellings,1495.7
1997-Q3,Gross Domestic Product At Current Market Prices,Gross Value Added At Basic Prices,35852.8
1997-Q3,Gross Domestic Product At Current Market Prices,Add: Taxes On Products,2409.3
1997-Q4,Gross Domestic Product At Current Market Prices,Goods Producing Industries,12528.1
1997-Q4,Gross Domestic Product At Current Market Prices,Services Producing Industries,22713.6
1997-Q4,Gross Domestic Product At Current Market Prices,Ownership Of Dwellings,1511.3
1997-Q4,Gross Domestic Product At Current Market Prices,Gross Value Added At Basic Prices,36753
1997-Q4,Gross Domestic Product At Current Market Prices,Add: Taxes On Products,2042.9
1998-Q1,Gross Domestic Product At Current Market Prices,Goods Producing Industries,11571.3
1998-Q1,Gross Domestic Product At Current Market Prices,Services Producing Industries,21006.3
1998-Q1,Gross Domestic Product At Current Market Prices,Ownership Of Dwellings,1576.9
1998-Q1,Gross Domestic Product At Current Market Prices,Gross Value Added At Basic Prices,34154.5
1998-Q1,Gross Domestic Product At Current Market Prices,Add: Taxes On Products,1846.6
1998-Q2,Gross Domestic Product At Current Market Prices,Goods Producing Industries,11511.7
1998-Q2,Gross Domestic Product At Current Market Prices,Services Producing Industries,20824.3
1998-Q2,Gross Domestic Product At Current Market Prices,Ownership Of Dwellings,1567.4
1998-Q2,Gross Domestic Product At Current Market Prices,Gross Value Added At Basic Prices,33903.4
1998-Q2,Gross Domestic Product At Current Market Prices,Add: Taxes On Products,1946.2
1998-Q3,Gross Domestic Product At Current Market Prices,Goods Producing Industries,11606.7
1998-Q3,Gross Domestic Product At Current Market Prices,Services Producing Industries,20823.5
1998-Q3,Gross Domestic Product At Current Market Prices,Ownership Of Dwellings,1554.1
1998-Q3,Gross Domestic Product At Current Market Prices,Gross Value Added At Basic Prices,33984.3
1998-Q3,Gross Domestic Product At Current Market Prices,Add: Taxes On Products,1881.9
1998-Q4,Gross Domestic Product At Current Market Prices,Goods Producing Industries,11441.4
1998-Q4,Gross Domestic Product At Current Market Prices,Services Producing Industries,21152.7
1998-Q4,Gross Domestic Product At Current Market Prices,Ownership Of Dwellings,1517.7
1998-Q4,Gross Domestic Product At Current Market Prices,Gross Value Added At Basic Prices,34111.8
1998-Q4,Gross Domestic Product At Current Market Prices,Add: Taxes On Products,1611.6
1999-Q1,Gross Domestic Product At Current Market Prices,Goods Producing Industries,10784.2
1999-Q1,Gross Domestic Product At Current Market Prices,Services Producing Industries,20025.1
1999-Q1,Gross Domestic Product At Current Market Prices,Ownership Of Dwellings,1457.7
1999-Q1,Gross Domestic Product At Current Market Prices,Gross Value Added At Basic Prices,32267
1999-Q1,Gross Domestic Product At Current Market Prices,Add: Taxes On Products,1655.3
1999-Q2,Gross Domestic Product At Current Market Prices,Goods Producing Industries,11137.6
1999-Q2,Gross Domestic Product At Current Market Prices,Services Producing Industries,21422.4
1999-Q2,Gross Domestic Product At Current Market Prices,Ownership Of Dwellings,1431.5
1999-Q2,Gross Domestic Product At Current Market Prices,Gross Value Added At Basic Prices,33991.5
1999-Q2,Gross Domestic Product At Current Market Prices,Add: Taxes On Products,2206.9
1999-Q3,Gross Domestic Product At Current Market Prices,Goods Producing Industries,11578.6
1999-Q3,Gross Domestic Product At Current Market Prices,Services Producing Industries,21947.5
1999-Q3,Gross Domestic Product At Current Market Prices,Ownership Of Dwellings,1412.3
1999-Q3,Gross Domestic Product At Current Market Prices,Gross Value Added At Basic Prices,34938.4
1999-Q3,Gross Domestic Product At Current Market Prices,Add: Taxes On Products,2522.1
1999-Q4,Gross Domestic Product At Current Market Prices,Goods Producing Industries,11746.6
1999-Q4,Gross Domestic Product At Current Market Prices,Services Producing Industries,23155.7
1999-Q4,Gross Domestic Product At Current Market Prices,Ownership Of Dwellings,1413.8
1999-Q4,Gross Domestic Product At Current Market Prices,Gross Value Added At Basic Prices,36316.1
1999-Q4,Gross Domestic Product At Current Market Prices,Add: Taxes On Products,2352.6
2000-Q1,Gross Domestic Product At Current Market Prices,Goods Producing Industries,11831.1
2000-Q1,Gross Domestic Product At Current Market Prices,Services Producing Industries,22314.6
2000-Q1,Gross Domestic Product At Current Market Prices,Ownership Of Dwellings,1395.6
2000-Q1,Gross Domestic Product At Current Market Prices,Gross Value Added At Basic Prices,35541.3
2000-Q1,Gross Domestic Product At Current Market Prices,Add: Taxes On Products,2638.6
2000-Q2,Gross Domestic Product At Current Market Prices,Goods Producing Industries,12643.4
2000-Q2,Gross Domestic Product At Current Market Prices,Services Producing Industries,22906.9
2000-Q2,Gross Domestic Product At Current Market Prices,Ownership Of Dwellings,1426.9
2000-Q2,Gross Domestic Product At Current Market Prices,Gross Value Added At Basic Prices,36977.2
2000-Q2,Gross Domestic Product At Current Market Prices,Add: Taxes On Products,2947.3
2000-Q3,Gross Domestic Product At Current Market Prices,Goods Producing Industries,14301.4
2000-Q3,Gross Domestic Product At Current Market Prices,Services Producing Industries,24210.7
2000-Q3,Gross Domestic Product At Current Market Prices,Ownership Of Dwellings,1455.1
2000-Q3,Gross Domestic Product At Current Market Prices,Gross Value Added At Basic Prices,39967.2
2000-Q3,Gross Domestic Product At Current Market Prices,Add: Taxes On Products,2896.2
2000-Q4,Gross Domestic Product At Current Market Prices,Goods Producing Industries,15013.8
2000-Q4,Gross Domestic Product At Current Market Prices,Services Producing Industries,24999.8
2000-Q4,Gross Domestic Product At Current Market Prices,Ownership Of Dwellings,1480.5
2000-Q4,Gross Domestic Product At Current Market Prices,Gross Value Added At Basic Prices,41494.1
2000-Q4,Gross Domestic Product At Current Market Prices,Add: Taxes On Products,2755.8
2001-Q1,Gross Domestic Product At Current Market Prices,Goods Producing Industries,12797.8
2001-Q1,Gross Domestic Product At Current Market Prices,Services Producing Industries,24348.9
2001-Q1,Gross Domestic Product At Current Market Prices,Ownership Of Dwellings,1492.2
2001-Q1,Gross Domestic Product At Current Market Prices,Gross Value Added At Basic Prices,38638.9
2001-Q1,Gross Domestic Product At Current Market Prices,Add: Taxes On Products,2567.7
2001-Q2,Gross Domestic Product At Current Market Prices,Goods Producing Industries,12157.4
2001-Q2,Gross Domestic Product At Current Market Prices,Services Producing Industries,23763.4
2001-Q2,Gross Domestic Product At Current Market Prices,Ownership Of Dwellings,1509.3
2001-Q2,Gross Domestic Product At Current Market Prices,Gross Value Added At Basic Prices,37430.1
2001-Q2,Gross Domestic Product At Current Market Prices,Add: Taxes On Products,2505.6
2001-Q3,Gross Domestic Product At Current Market Prices,Goods Producing Industries,11845.3
2001-Q3,Gross Domestic Product At Current Market Prices,Services Producing Industries,23592.3
2001-Q3,Gross Domestic Product At Current Market Prices,Ownership Of Dwellings,1509.4
2001-Q3,Gross Domestic Product At Current Market Prices,Gross Value Added At Basic Prices,36947
2001-Q3,Gross Domestic Product At Current Market Prices,Add: Taxes On Products,2282.4
2001-Q4,Gross Domestic Product At Current Market Prices,Goods Producing Industries,11884.4
2001-Q4,Gross Domestic Product At Current Market Prices,Services Producing Industries,24000.5
2001-Q4,Gross Domestic Product At Current Market Prices,Ownership Of Dwellings,1509.6
2001-Q4,Gross Domestic Product At Current Market Prices,Gross Value Added At Basic Prices,37394.5
2001-Q4,Gross Domestic Product At Current Market Prices,Add: Taxes On Products,2207.9
2002-Q1,Gross Domestic Product At Current Market Prices,Goods Producing Industries,12002.6
2002-Q1,Gross Domestic Product At Current Market Prices,Services Producing Industries,24619
2002-Q1,Gross Domestic Product At Current Market Prices,Ownership Of Dwellings,1440.1
2002-Q1,Gross Domestic Product At Current Market Prices,Gross Value Added At Basic Prices,38061.7
2002-Q1,Gross Domestic Product At Current Market Prices,Add: Taxes On Products,2208.1
2002-Q2,Gross Domestic Product At Current Market Prices,Goods Producing Industries,12849.2
2002-Q2,Gross Domestic Product At Current Market Prices,Services Producing Industries,24485.1
2002-Q2,Gross Domestic Product At Current Market Prices,Ownership Of Dwellings,1402.4
2002-Q2,Gross Domestic Product At Current Market Prices,Gross Value Added At Basic Prices,38736.7
2002-Q2,Gross Domestic Product At Current Market Prices,Add: Taxes On Products,2315.6
2002-Q3,Gross Domestic Product At Current Market Prices,Goods Producing Industries,12878.7
2002-Q3,Gross Domestic Product At Current Market Prices,Services Producing Industries,24924.7
2002-Q3,Gross Domestic Product At Current Market Prices,Ownership Of Dwellings,1414.6
2002-Q3,Gross Domestic Product At Current Market Prices,Gross Value Added At Basic Prices,39218
2002-Q3,Gross Domestic Product At Current Market Prices,Add: Taxes On Products,1973.1
2002-Q4,Gross Domestic Product At Current Market Prices,Goods Producing Industries,12806.1
2002-Q4,Gross Domestic Product At Current Market Prices,Services Producing Industries,25728.8
2002-Q4,Gross Domestic Product At Current Market Prices,Ownership Of Dwellings,1451.8
2002-Q4,Gross Domestic Product At Current Market Prices,Gross Value Added At Basic Prices,39986.7
2002-Q4,Gross Domestic Product At Current Market Prices,Add: Taxes On Products,2130
2003-Q1,Gross Domestic Product At Current Market Prices,Goods Producing Industries,12390.5
2003-Q1,Gross Domestic Product At Current Market Prices,Services Producing Industries,25683.7
2003-Q1,Gross Domestic Product At Current Market Prices,Ownership Of Dwellings,1501.1
2003-Q1,Gross Domestic Product At Current Market Prices,Gross Value Added At Basic Prices,39575.3
2003-Q1,Gross Domestic Product At Current Market Prices,Add: Taxes On Products,2248.2
2003-Q2,Gross Domestic Product At Current Market Prices,Goods Producing Industries,11998.3
2003-Q2,Gross Domestic Product At Current Market Prices,Services Producing Industries,23943.3
2003-Q2,Gross Domestic Product At Current Market Prices,Ownership Of Dwellings,1500.8
2003-Q2,Gross Domestic Product At Current Market Prices,Gross Value Added At Basic Prices,37442.4
2003-Q2,Gross Domestic Product At Current Market Prices,Add: Taxes On Products,2403.5
2003-Q3,Gross Domestic Product At Current Market Prices,Goods Producing Industries,12750.7
2003-Q3,Gross Domestic Product At Current Market Prices,Services Producing Industries,25865.8
2003-Q3,Gross Domestic Product At Current Market Prices,Ownership Of Dwellings,1494.6
2003-Q3,Gross Domestic Product At Current Market Prices,Gross Value Added At Basic Prices,40111.1
2003-Q3,Gross Domestic Product At Current Market Prices,Add: Taxes On Products,2194
2003-Q4,Gross Domestic Product At Current Market Prices,Goods Producing Industries,13739.3
2003-Q4,Gross Domestic Product At Current Market Prices,Services Producing Industries,27515.6
2003-Q4,Gross Domestic Product At Current Market Prices,Ownership Of Dwellings,1484.7
2003-Q4,Gross Domestic Product At Current Market Prices,Gross Value Added At Basic Prices,42739.6
2003-Q4,Gross Domestic Product At Current Market Prices,Add: Taxes On Products,2281.7
2004-Q1,Gross Domestic Product At Current Market Prices,Goods Producing Industries,13941.6
2004-Q1,Gross Domestic Product At Current Market Prices,Services Producing Industries,28239.6
2004-Q1,Gross Domestic Product At Current Market Prices,Ownership Of Dwellings,1456.4
2004-Q1,Gross Domestic Product At Current Market Prices,Gross Value Added At Basic Prices,43637.6
2004-Q1,Gross Domestic Product At Current Market Prices,Add: Taxes On Products,2607.3
2004-Q2,Gross Domestic Product At Current Market Prices,Goods Producing Industries,14809.9
2004-Q2,Gross Domestic Product At Current Market Prices,Services Producing Industries,27966.4
2004-Q2,Gross Domestic Product At Current Market Prices,Ownership Of Dwellings,1416.1
2004-Q2,Gross Domestic Product At Current Market Prices,Gross Value Added At Basic Prices,44192.4
2004-Q2,Gross Domestic Product At Current Market Prices,Add: Taxes On Products,2156.3
2004-Q3,Gross Domestic Product At Current Market Prices,Goods Producing Industries,15783.4
2004-Q3,Gross Domestic Product At Current Market Prices,Services Producing Industries,29298.9
2004-Q3,Gross Domestic Product At Current Market Prices,Ownership Of Dwellings,1437.1
2004-Q3,Gross Domestic Product At Current Market Prices,Gross Value Added At Basic Prices,46519.4
2004-Q3,Gross Domestic Product At Current Market Prices,Add: Taxes On Products,2340.2
2004-Q4,Gross Domestic Product At Current Market Prices,Goods Producing Industries,16567.2
2004-Q4,Gross Domestic Product At Current Market Prices,Services Producing Industries,30936.7
2004-Q4,Gross Domestic Product At Current Market Prices,Ownership Of Dwellings,1454
2004-Q4,Gross Domestic Product At Current Market Prices,Gross Value Added At Basic Prices,48957.9
2004-Q4,Gross Domestic Product At Current Market Prices,Add: Taxes On Products,2590.4
2005-Q1,Gross Domestic Product At Current Market Prices,Goods Producing Industries,15219.2
2005-Q1,Gross Domestic Product At Current Market Prices,Services Producing Industries,30977.4
2005-Q1,Gross Domestic Product At Current Market Prices,Ownership Of Dwellings,1529.1
2005-Q1,Gross Domestic Product At Current Market Prices,Gross Value Added At Basic Prices,47725.7
2005-Q1,Gross Domestic Product At Current Market Prices,Add: Taxes On Products,2586.7
2005-Q2,Gross Domestic Product At Current Market Prices,Goods Producing Industries,15744.3
2005-Q2,Gross Domestic Product At Current Market Prices,Services Producing Industries,31459.3
2005-Q2,Gross Domestic Product At Current Market Prices,Ownership Of Dwellings,1566.9
2005-Q2,Gross Domestic Product At Current Market Prices,Gross Value Added At Basic Prices,48770.5
2005-Q2,Gross Domestic Product At Current Market Prices,Add: Taxes On Products,2243.1
2005-Q3,Gross Domestic Product At Current Market Prices,Goods Producing Industries,16803.2
2005-Q3,Gross Domestic Product At Current Market Prices,Services Producing Industries,32989.4
2005-Q3,Gross Domestic Product At Current Market Prices,Ownership Of Dwellings,1610.9
2005-Q3,Gross Domestic Product At Current Market Prices,Gross Value Added At Basic Prices,51403.5
2005-Q3,Gross Domestic Product At Current Market Prices,Add: Taxes On Products,2162.8
2005-Q4,Gross Domestic Product At Current Market Prices,Goods Producing Industries,17907.4
2005-Q4,Gross Domestic Product At Current Market Prices,Services Producing Industries,35159.8
2005-Q4,Gross Domestic Product At Current Market Prices,Ownership Of Dwellings,1610.9
2005-Q4,Gross Domestic Product At Current Market Prices,Gross Value Added At Basic Prices,54678.1
2005-Q4,Gross Domestic Product At Current Market Prices,Add: Taxes On Products,2503.6
2006-Q1,Gross Domestic Product At Current Market Prices,Goods Producing Industries,16649.3
2006-Q1,Gross Domestic Product At Current Market Prices,Services Producing Industries,34572.8
2006-Q1,Gross Domestic Product At Current Market Prices,Ownership Of Dwellings,1731.8
2006-Q1,Gross Domestic Product At Current Market Prices,Gross Value Added At Basic Prices,52953.9
2006-Q1,Gross Domestic Product At Current Market Prices,Add: Taxes On Products,2521.1
2006-Q2,Gross Domestic Product At Current Market Prices,Goods Producing Industries,17829.3
2006-Q2,Gross Domestic Product At Current Market Prices,Services Producing Industries,34943.5
2006-Q2,Gross Domestic Product At Current Market Prices,Ownership Of Dwellings,1749.5
2006-Q2,Gross Domestic Product At Current Market Prices,Gross Value Added At Basic Prices,54522.3
2006-Q2,Gross Domestic Product At Current Market Prices,Add: Taxes On Products,2409.1
2006-Q3,Gross Domestic Product At Current Market Prices,Goods Producing Industries,18390.9
2006-Q3,Gross Domestic Product At Current Market Prices,Services Producing Industries,36929.3
2006-Q3,Gross Domestic Product At Current Market Prices,Ownership Of Dwellings,1743.7
2006-Q3,Gross Domestic Product At Current Market Prices,Gross Value Added At Basic Prices,57063.9
2006-Q3,Gross Domestic Product At Current Market Prices,Add: Taxes On Products,2294.2
2006-Q4,Gross Domestic Product At Current Market Prices,Goods Producing Industries,18590
2006-Q4,Gross Domestic Product At Current Market Prices,Services Producing Industries,40046.3
2006-Q4,Gross Domestic Product At Current Market Prices,Ownership Of Dwellings,1787.2
2006-Q4,Gross Domestic Product At Current Market Prices,Gross Value Added At Basic Prices,60423.5
2006-Q4,Gross Domestic Product At Current Market Prices,Add: Taxes On Products,2647
2007-Q1,Gross Domestic Product At Current Market Prices,Goods Producing Industries,17888.3
2007-Q1,Gross Domestic Product At Current Market Prices,Services Producing Industries,40132.9
2007-Q1,Gross Domestic Product At Current Market Prices,Ownership Of Dwellings,1829.2
2007-Q1,Gross Domestic Product At Current Market Prices,Gross Value Added At Basic Prices,59850.4
2007-Q1,Gross Domestic Product At Current Market Prices,Add: Taxes On Products,3325.5
2007-Q2,Gross Domestic Product At Current Market Prices,Goods Producing Industries,18500.4
2007-Q2,Gross Domestic Product At Current Market Prices,Services Producing Industries,42392.9
2007-Q2,Gross Domestic Product At Current Market Prices,Ownership Of Dwellings,1934.5
2007-Q2,Gross Domestic Product At Current Market Prices,Gross Value Added At Basic Prices,62827.8
2007-Q2,Gross Domestic Product At Current Market Prices,Add: Taxes On Products,3752.8
2007-Q3,Gross Domestic Product At Current Market Prices,Goods Producing Industries,19502
2007-Q3,Gross Domestic Product At Current Market Prices,Services Producing Industries,43784.3
2007-Q3,Gross Domestic Product At Current Market Prices,Ownership Of Dwellings,2057.1
2007-Q3,Gross Domestic Product At Current Market Prices,Gross Value Added At Basic Prices,65343.4
2007-Q3,Gross Domestic Product At Current Market Prices,Add: Taxes On Products,4312.8
2007-Q4,Gross Domestic Product At Current Market Prices,Goods Producing Industries,19279.8
2007-Q4,Gross Domestic Product At Current Market Prices,Services Producing Industries,46306.1
2007-Q4,Gross Domestic Product At Current Market Prices,Ownership Of Dwellings,2122.5
2007-Q4,Gross Domestic Product At Current Market Prices,Gross Value Added At Basic Prices,67708.4
2007-Q4,Gross Domestic Product At Current Market Prices,Add: Taxes On Products,4128.7
2008-Q1,Gross Domestic Product At Current Market Prices,Goods Producing Industries,17475.6
2008-Q1,Gross Domestic Product At Current Market Prices,Services Producing Industries,44845.6
2008-Q1,Gross Domestic Product At Current Market Prices,Ownership Of Dwellings,2287.2
2008-Q1,Gross Domestic Product At Current Market Prices,Gross Value Added At Basic Prices,64608.4
2008-Q1,Gross Domestic Product At Current Market Prices,Add: Taxes On Products,3640.5
2008-Q2,Gross Domestic Product At Current Market Prices,Goods Producing Industries,17608.1
2008-Q2,Gross Domestic Product At Current Market Prices,Services Producing Industries,44128.5
2008-Q2,Gross Domestic Product At Current Market Prices,Ownership Of Dwellings,2419.2
2008-Q2,Gross Domestic Product At Current Market Prices,Gross Value Added At Basic Prices,64155.8
2008-Q2,Gross Domestic Product At Current Market Prices,Add: Taxes On Products,3742.2
2008-Q3,Gross Domestic Product At Current Market Prices,Goods Producing Industries,18500.2
2008-Q3,Gross Domestic Product At Current Market Prices,Services Producing Industries,44634.2
2008-Q3,Gross Domestic Product At Current Market Prices,Ownership Of Dwellings,2649.3
2008-Q3,Gross Domestic Product At Current Market Prices,Gross Value Added At Basic Prices,65783.7
2008-Q3,Gross Domestic Product At Current Market Prices,Add: Taxes On Products,3764.1
2008-Q4,Gross Domestic Product At Current Market Prices,Goods Producing Industries,16964.7
2008-Q4,Gross Domestic Product At Current Market Prices,Services Producing Industries,43425.3
2008-Q4,Gross Domestic Product At Current Market Prices,Ownership Of Dwellings,2810.5
2008-Q4,Gross Domestic Product At Current Market Prices,Gross Value Added At Basic Prices,63200.5
2008-Q4,Gross Domestic Product At Current Market Prices,Add: Taxes On Products,3085.2
2009-Q1,Gross Domestic Product At Current Market Prices,Goods Producing Industries,15418.1
2009-Q1,Gross Domestic Product At Current Market Prices,Services Producing Industries,43402.5
2009-Q1,Gross Domestic Product At Current Market Prices,Ownership Of Dwellings,2605.7
2009-Q1,Gross Domestic Product At Current Market Prices,Gross Value Added At Basic Prices,61426.3
2009-Q1,Gross Domestic Product At Current Market Prices,Add: Taxes On Products,2786.3
2009-Q2,Gross Domestic Product At Current Market Prices,Goods Producing Industries,17819.2
2009-Q2,Gross Domestic Product At Current Market Prices,Services Producing Industries,43914.8
2009-Q2,Gross Domestic Product At Current Market Prices,Ownership Of Dwellings,2567
2009-Q2,Gross Domestic Product At Current Market Prices,Gross Value Added At Basic Prices,64301
2009-Q2,Gross Domestic Product At Current Market Prices,Add: Taxes On Products,3369.2
2009-Q3,Gross Domestic Product At Current Market Prices,Goods Producing Industries,20273.2
2009-Q3,Gross Domestic Product At Current Market Prices,Services Producing Industries,45355.6
2009-Q3,Gross Domestic Product At Current Market Prices,Ownership Of Dwellings,2571.8
2009-Q3,Gross Domestic Product At Current Market Prices,Gross Value Added At Basic Prices,68200.6
2009-Q3,Gross Domestic Product At Current Market Prices,Add: Taxes On Products,3776.3
2009-Q4,Gross Domestic Product At Current Market Prices,Goods Producing Industries,20709.1
2009-Q4,Gross Domestic Product At Current Market Prices,Services Producing Industries,48672.2
2009-Q4,Gross Domestic Product At Current Market Prices,Ownership Of Dwellings,2607.2
2009-Q4,Gross Domestic Product At Current Market Prices,Gross Value Added At Basic Prices,71988.5
2009-Q4,Gross Domestic Product At Current Market Prices,Add: Taxes On Products,4009.8
2010-Q1,Gross Domestic Product At Current Market Prices,Goods Producing Industries,20079.8
2010-Q1,Gross Domestic Product At Current Market Prices,Services Producing Industries,50044.2
2010-Q1,Gross Domestic Product At Current Market Prices,Ownership Of Dwellings,2649.4
2010-Q1,Gross Domestic Product At Current Market Prices,Gross Value Added At Basic Prices,72773.4
2010-Q1,Gross Domestic Product At Current Market Prices,Add: Taxes On Products,3976.2
2010-Q2,Gross Domestic Product At Current Market Prices,Goods Producing Industries,21545
2010-Q2,Gross Domestic Product At Current Market Prices,Services Producing Industries,51175.9
2010-Q2,Gross Domestic Product At Current Market Prices,Ownership Of Dwellings,2818.8
2010-Q2,Gross Domestic Product At Current Market Prices,Gross Value Added At Basic Prices,75539.7
2010-Q2,Gross Domestic Product At Current Market Prices,Add: Taxes On Products,4622.5
2010-Q3,Gross Domestic Product At Current Market Prices,Goods Producing Industries,21116.9
2010-Q3,Gross Domestic Product At Current Market Prices,Services Producing Industries,51925.8
2010-Q3,Gross Domestic Product At Current Market Prices,Ownership Of Dwellings,2931.1
2010-Q3,Gross Domestic Product At Current Market Prices,Gross Value Added At Basic Prices,75973.8
2010-Q3,Gross Domestic Product At Current Market Prices,Add: Taxes On Products,4651.5
2010-Q4,Gross Domestic Product At Current Market Prices,Goods Producing Industries,21488.6
2010-Q4,Gross Domestic Product At Current Market Prices,Services Producing Industries,55537.5
2010-Q4,Gross Domestic Product At Current Market Prices,Ownership Of Dwellings,3115
2010-Q4,Gross Domestic Product At Current Market Prices,Gross Value Added At Basic Prices,80141.1
2010-Q4,Gross Domestic Product At Current Market Prices,Add: Taxes On Products,4682.9
2011-Q1,Gross Domestic Product At Current Market Prices,Goods Producing Industries,21354.5
2011-Q1,Gross Domestic Product At Current Market Prices,Services Producing Industries,56210.3
2011-Q1,Gross Domestic Product At Current Market Prices,Ownership Of Dwellings,3197.9
2011-Q1,Gross Domestic Product At Current Market Prices,Gross Value Added At Basic Prices,80762.7
2011-Q1,Gross Domestic Product At Current Market Prices,Add: Taxes On Products,4786
2011-Q2,Gross Domestic Product At Current Market Prices,Goods Producing Industries,21294.3
2011-Q2,Gross Domestic Product At Current Market Prices,Services Producing Industries,55714.1
2011-Q2,Gross Domestic Product At Current Market Prices,Ownership Of Dwellings,3409.4
2011-Q2,Gross Domestic Product At Current Market Prices,Gross Value Added At Basic Prices,80417.8
2011-Q2,Gross Domestic Product At Current Market Prices,Add: Taxes On Products,5145.8
2011-Q3,Gross Domestic Product At Current Market Prices,Goods Producing Industries,21590
2011-Q3,Gross Domestic Product At Current Market Prices,Services Producing Industries,56739.6
2011-Q3,Gross Domestic Product At Current Market Prices,Ownership Of Dwellings,3541
2011-Q3,Gross Domestic Product At Current Market Prices,Gross Value Added At Basic Prices,81870.6
2011-Q3,Gross Domestic Product At Current Market Prices,Add: Taxes On Products,4944.4
2011-Q4,Gross Domestic Product At Current Market Prices,Goods Producing Industries,21742.2
2011-Q4,Gross Domestic Product At Current Market Prices,Services Producing Industries,58316
2011-Q4,Gross Domestic Product At Current Market Prices,Ownership Of Dwellings,3648.9
2011-Q4,Gross Domestic Product At Current Market Prices,Gross Value Added At Basic Prices,83707.1
2011-Q4,Gross Domestic Product At Current Market Prices,Add: Taxes On Products,5014.6
2012-Q1,Gross Domestic Product At Current Market Prices,Goods Producing Industries,22251.7
2012-Q1,Gross Domestic Product At Current Market Prices,Services Producing Industries,58860.2
2012-Q1,Gross Domestic Product At Current Market Prices,Ownership Of Dwellings,3582.8
2012-Q1,Gross Domestic Product At Current Market Prices,Gross Value Added At Basic Prices,84694.7
2012-Q1,Gross Domestic Product At Current Market Prices,Add: Taxes On Products,4745.5
2012-Q2,Gross Domestic Product At Current Market Prices,Goods Producing Industries,23018
2012-Q2,Gross Domestic Product At Current Market Prices,Services Producing Industries,58431
2012-Q2,Gross Domestic Product At Current Market Prices,Ownership Of Dwellings,3715.5
2012-Q2,Gross Domestic Product At Current Market Prices,Gross Value Added At Basic Prices,85164.5
2012-Q2,Gross Domestic Product At Current Market Prices,Add: Taxes On Products,5496.9
2012-Q3,Gross Domestic Product At Current Market Prices,Goods Producing Industries,22170.5
2012-Q3,Gross Domestic Product At Current Market Prices,Services Producing Industries,57349.7
2012-Q3,Gross Domestic Product At Current Market Prices,Ownership Of Dwellings,3801.2
2012-Q3,Gross Domestic Product At Current Market Prices,Gross Value Added At Basic Prices,83321.4
2012-Q3,Gross Domestic Product At Current Market Prices,Add: Taxes On Products,5086.6
2012-Q4,Gross Domestic Product At Current Market Prices,Goods Producing Industries,22373.5
2012-Q4,Gross Domestic Product At Current Market Prices,Services Producing Industries,60863.8
2012-Q4,Gross Domestic Product At Current Market Prices,Ownership Of Dwellings,3892.5
2012-Q4,Gross Domestic Product At Current Market Prices,Gross Value Added At Basic Prices,87129.8
2012-Q4,Gross Domestic Product At Current Market Prices,Add: Taxes On Products,5726.5
2013-Q1,Gross Domestic Product At Current Market Prices,Goods Producing Industries,20851.8
2013-Q1,Gross Domestic Product At Current Market Prices,Services Producing Industries,62292.2
2013-Q1,Gross Domestic Product At Current Market Prices,Ownership Of Dwellings,3996.9
2013-Q1,Gross Domestic Product At Current Market Prices,Gross Value Added At Basic Prices,87140.9
2013-Q1,Gross Domestic Product At Current Market Prices,Add: Taxes On Products,5266.9
2013-Q2,Gross Domestic Product At Current Market Prices,Goods Producing Industries,21905.9
2013-Q2,Gross Domestic Product At Current Market Prices,Services Producing Industries,62157.3
2013-Q2,Gross Domestic Product At Current Market Prices,Ownership Of Dwellings,4066.5
2013-Q2,Gross Domestic Product At Current Market Prices,Gross Value Added At Basic Prices,88129.7
2013-Q2,Gross Domestic Product At Current Market Prices,Add: Taxes On Products,5830.3
2013-Q3,Gross Domestic Product At Current Market Prices,Goods Producing Industries,22642.2
2013-Q3,Gross Domestic Product At Current Market Prices,Services Producing Industries,62093
2013-Q3,Gross Domestic Product At Current Market Prices,Ownership Of Dwellings,4110.6
2013-Q3,Gross Domestic Product At Current Market Prices,Gross Value Added At Basic Prices,88845.8
2013-Q3,Gross Domestic Product At Current Market Prices,Add: Taxes On Products,5353.5
2013-Q4,Gross Domestic Product At Current Market Prices,Goods Producing Industries,23021
2013-Q4,Gross Domestic Product At Current Market Prices,Services Producing Industries,65214.8
2013-Q4,Gross Domestic Product At Current Market Prices,Ownership Of Dwellings,4134.8
2013-Q4,Gross Domestic Product At Current Market Prices,Gross Value Added At Basic Prices,92370.6
2013-Q4,Gross Domestic Product At Current Market Prices,Add: Taxes On Products,5593.9
2014-Q1,Gross Domestic Product At Current Market Prices,Goods Producing Industries,22837.1
2014-Q1,Gross Domestic Product At Current Market Prices,Services Producing Industries,63833.6
2014-Q1,Gross Domestic Product At Current Market Prices,Ownership Of Dwellings,4148.7
2014-Q1,Gross Domestic Product At Current Market Prices,Gross Value Added At Basic Prices,90819.4
2014-Q1,Gross Domestic Product At Current Market Prices,Add: Taxes On Products,4923.1
2014-Q2,Gross Domestic Product At Current Market Prices,Goods Producing Industries,23598.5
2014-Q2,Gross Domestic Product At Current Market Prices,Services Producing Industries,62808.6
2014-Q2,Gross Domestic Product At Current Market Prices,Ownership Of Dwellings,4186.5
2014-Q2,Gross Domestic Product At Current Market Prices,Gross Value Added At Basic Prices,90593.6
2014-Q2,Gross Domestic Product At Current Market Prices,Add: Taxes On Products,5569.8
2014-Q3,Gross Domestic Product At Current Market Prices,Goods Producing Industries,24206.1
2014-Q3,Gross Domestic Product At Current Market Prices,Services Producing Industries,63020.1
2014-Q3,Gross Domestic Product At Current Market Prices,Ownership Of Dwellings,4241.6
2014-Q3,Gross Domestic Product At Current Market Prices,Gross Value Added At Basic Prices,91467.8
2014-Q3,Gross Domestic Product At Current Market Prices,Add: Taxes On Products,5442.5
2014-Q4,Gross Domestic Product At Current Market Prices,Goods Producing Industries,23918.6
2014-Q4,Gross Domestic Product At Current Market Prices,Services Producing Industries,67756.5
2014-Q4,Gross Domestic Product At Current Market Prices,Ownership Of Dwellings,4285.1
2014-Q4,Gross Domestic Product At Current Market Prices,Gross Value Added At Basic Prices,95960.2
2014-Q4,Gross Domestic Product At Current Market Prices,Add: Taxes On Products,5671.3
2015-Q1,Gross Domestic Product At Current Market Prices,Goods Producing Industries,24437.1
2015-Q1,Gross Domestic Product At Current Market Prices,Services Producing Industries,66683.3
2015-Q1,Gross Domestic Product At Current Market Prices,Ownership Of Dwellings,4245.5
2015-Q1,Gross Domestic Product At Current Market Prices,Gross Value Added At Basic Prices,95365.9
2015-Q1,Gross Domestic Product At Current Market Prices,Add: Taxes On Products,5615.9
2015-Q2,Gross Domestic Product At Current Market Prices,Goods Producing Industries,25340.5
2015-Q2,Gross Domestic Product At Current Market Prices,Services Producing Industries,65167.5
2015-Q2,Gross Domestic Product At Current Market Prices,Ownership Of Dwellings,4290.3
2015-Q2,Gross Domestic Product At Current Market Prices,Gross Value Added At Basic Prices,94798.3
2015-Q2,Gross Domestic Product At Current Market Prices,Add: Taxes On Products,6173.4
2015-Q3,Gross Domestic Product At Current Market Prices,Goods Producing Industries,25431.5
2015-Q3,Gross Domestic Product At Current Market Prices,Services Producing Industries,65708.4
2015-Q3,Gross Domestic Product At Current Market Prices,Ownership Of Dwellings,4325.4
2015-Q3,Gross Domestic Product At Current Market Prices,Gross Value Added At Basic Prices,95465.3
2015-Q3,Gross Domestic Product At Current Market Prices,Add: Taxes On Products,6139.2
2015-Q4,Gross Domestic Product At Current Market Prices,Goods Producing Industries,25306.9
2015-Q4,Gross Domestic Product At Current Market Prices,Services Producing Industries,68786.9
2015-Q4,Gross Domestic Product At Current Market Prices,Ownership Of Dwellings,4316
2015-Q4,Gross Domestic Product At Current Market Prices,Gross Value Added At Basic Prices,98409.8
2015-Q4,Gross Domestic Product At Current Market Prices,Add: Taxes On Products,6128.8
2016-Q1,Gross Domestic Product At Current Market Prices,Goods Producing Industries,24187.2
2016-Q1,Gross Domestic Product At Current Market Prices,Services Producing Industries,66246.5
2016-Q1,Gross Domestic Product At Current Market Prices,Ownership Of Dwellings,4140.9
2016-Q1,Gross Domestic Product At Current Market Prices,Gross Value Added At Basic Prices,94574.6
2016-Q1,Gross Domestic Product At Current Market Prices,Add: Taxes On Products,6396
2016-Q2,Gross Domestic Product At Current Market Prices,Goods Producing Industries,25378.6
2016-Q2,Gross Domestic Product At Current Market Prices,Services Producing Industries,64835.7
2016-Q2,Gross Domestic Product At Current Market Prices,Ownership Of Dwellings,4179.3
2016-Q2,Gross Domestic Product At Current Market Prices,Gross Value Added At Basic Prices,94393.6
2016-Q2,Gross Domestic Product At Current Market Prices,Add: Taxes On Products,6652
2016-Q3,Gross Domestic Product At Current Market Prices,Goods Producing Industries,24657
2016-Q3,Gross Domestic Product At Current Market Prices,Services Producing Industries,65367.9
2016-Q3,Gross Domestic Product At Current Market Prices,Ownership Of Dwellings,4244.9
2016-Q3,Gross Domestic Product At Current Market Prices,Gross Value Added At Basic Prices,94269.8
2016-Q3,Gross Domestic Product At Current Market Prices,Add: Taxes On Products,6757.3
2016-Q4,Gross Domestic Product At Current Market Prices,Goods Producing Industries,26268.9
2016-Q4,Gross Domestic Product At Current Market Prices,Services Producing Industries,70074.9
2016-Q4,Gross Domestic Product At Current Market Prices,Ownership Of Dwellings,4254.8
2016-Q4,Gross Domestic Product At Current Market Prices,Gross Value Added At Basic Prices,100598.6
2016-Q4,Gross Domestic Product At Current Market Prices,Add: Taxes On Products,6630
2017-Q1,Gross Domestic Product At Current Market Prices,Goods Producing Industries,25425.6
2017-Q1,Gross Domestic Product At Current Market Prices,Services Producing Industries,69179
2017-Q1,Gross Domestic Product At Current Market Prices,Ownership Of Dwellings,4149.8
2017-Q1,Gross Domestic Product At Current Market Prices,Gross Value Added At Basic Prices,98754.4
2017-Q1,Gross Domestic Product At Current Market Prices,Add: Taxes On Products,6925.1